{"cameraMode":{"drawMode":0,"name":"Shaded","section":"Shading Mode"},"sceneLighting":true,"audioPlay":false,"sceneViewState":{"showFog":true,"showMaterialUpdate":false,"showSkybox":true,"showFlares":true,"showImageEffects":true,"showParticleSystems":true},"in2DMode":false,"pivot":{"x":-46.81418228149414,"y":-0.43875277042388918,"z":4.0052690505981449},"rotation":{"x":0.1508837789297104,"y":0.02224096469581127,"z":-0.003395145060494542,"w":0.9882998466491699},"size":11.067255973815918,"orthographic":false}